student_id,word_id,attempt_number,phase1_exposure_ratio,speech_score,phoneme_accuracy,phoneme_error_class,response_latency_ms_phase2,echolalia_flag,response_latency_ms_phase3,first_tap_correct,selection_change_count,prompt_count,difficulty,category,label,synthetic
synthetic_child_001,synthetic_word_001,1,0.9401,1,0.741,v_w_confusion,475,True,2080,False,1,2,2,magic_words,struggling,True
synthetic_child_001,synthetic_word_002,1,0.8718,1,0.6398,final_consonant_deletion,3247,False,3767,True,1,2,3,magic_words,typical,True
synthetic_child_001,synthetic_word_003,1,0.9424,2,0.6327,final_consonant_deletion,2729,False,3798,True,1,2,1,abilities,typical,True
synthetic_child_001,synthetic_word_004,1,0.9012,1,0.6334,vowel_substitution,3137,False,6301,True,2,2,2,greetings,typical,True
synthetic_child_002,synthetic_word_001,1,1.0,1,0.5875,final_consonant_deletion,2720,False,5181,False,1,2,3,abilities,struggling,True
synthetic_child_002,synthetic_word_002,1,0.8114,2,0.6222,final_consonant_deletion,3093,False,3817,True,1,1,1,abilities,typical,True
synthetic_child_002,synthetic_word_003,1,0.9952,2,0.7501,th_fronting,2317,False,3835,True,1,2,2,magic_words,typical,True
synthetic_child_002,synthetic_word_004,1,0.9529,1,0.6405,th_fronting,3002,False,4436,False,2,2,3,greetings,struggling,True
synthetic_child_003,synthetic_word_001,1,1.0,0,0.3556,v_w_confusion,2893,False,7046,False,2,3,3,magic_words,struggling,True
synthetic_child_003,synthetic_word_002,1,1.0,0,0.441,th_fronting,3597,False,5056,True,2,3,2,greetings,struggling,True
synthetic_child_003,synthetic_word_003,1,0.901,0,0.3165,v_w_confusion,2925,False,6047,False,1,3,2,abilities,struggling,True
synthetic_child_003,synthetic_word_004,1,1.0,0,0.407,th_fronting,543,True,5599,True,2,3,1,magic_words,struggling,True
synthetic_child_004,synthetic_word_001,1,1.0,1,0.5442,other,4092,False,3220,True,2,2,2,magic_words,struggling,True
synthetic_child_004,synthetic_word_002,1,1.0,1,0.4675,th_fronting,527,True,4610,True,1,2,2,magic_words,struggling,True
synthetic_child_004,synthetic_word_003,1,0.8965,1,0.7982,v_w_confusion,527,True,4756,True,1,2,1,greetings,struggling,True
synthetic_child_004,synthetic_word_004,1,0.9776,0,0.5857,other,467,True,5964,False,1,3,2,abilities,struggling,True
synthetic_child_005,synthetic_word_001,1,0.8683,2,0.6994,th_fronting,623,True,5821,False,1,2,3,abilities,struggling,True
synthetic_child_005,synthetic_word_002,1,0.9918,2,0.9282,none,1478,False,3444,True,0,1,3,greetings,fast,True
synthetic_child_005,synthetic_word_003,1,0.8063,3,0.804,v_w_confusion,2553,False,3613,True,0,1,1,abilities,fast,True
synthetic_child_005,synthetic_word_004,1,0.9398,1,0.601,v_w_confusion,2197,False,5608,False,1,2,3,magic_words,typical,True
synthetic_child_006,synthetic_word_001,1,0.7873,2,0.6666,other,2472,False,4417,True,1,1,2,greetings,fast,True
synthetic_child_006,synthetic_word_002,1,0.9476,2,0.6343,th_fronting,1684,False,2776,True,0,1,1,abilities,fast,True
synthetic_child_006,synthetic_word_003,1,0.797,1,0.5373,final_consonant_deletion,4048,False,4461,False,1,2,3,magic_words,typical,True
synthetic_child_006,synthetic_word_004,1,0.8682,1,0.5574,th_fronting,2458,False,5200,False,1,2,3,greetings,struggling,True
synthetic_child_007,synthetic_word_001,1,1.0,1,0.5255,v_w_confusion,2837,False,5363,True,2,2,2,greetings,typical,True
synthetic_child_007,synthetic_word_002,1,0.9561,0,0.497,th_fronting,2055,False,7914,False,2,3,3,abilities,struggling,True
synthetic_child_007,synthetic_word_003,1,1.0,1,0.5815,v_w_confusion,518,True,3865,False,2,2,3,greetings,struggling,True
synthetic_child_007,synthetic_word_004,1,1.0,0,0.4978,v_w_confusion,4105,False,5943,True,2,3,3,magic_words,struggling,True
synthetic_child_008,synthetic_word_001,1,1.0,1,0.7573,final_consonant_deletion,2860,False,5257,True,1,2,1,abilities,typical,True
synthetic_child_008,synthetic_word_002,1,0.9625,1,0.5048,th_fronting,612,True,6115,True,2,2,2,magic_words,struggling,True
synthetic_child_008,synthetic_word_003,1,0.9788,0,0.3913,th_fronting,3005,False,7661,False,2,3,3,greetings,struggling,True
synthetic_child_008,synthetic_word_004,1,0.9494,2,0.4435,other,3578,False,4607,False,1,2,1,magic_words,typical,True
synthetic_child_009,synthetic_word_001,1,1.0,0,0.4375,v_w_confusion,3357,False,5794,False,1,3,3,greetings,struggling,True
synthetic_child_009,synthetic_word_002,1,0.9649,0,0.5976,v_w_confusion,2280,False,4196,True,2,3,1,greetings,struggling,True
synthetic_child_009,synthetic_word_003,1,0.8759,0,0.5325,th_fronting,4093,False,6476,False,2,3,2,abilities,struggling,True
synthetic_child_009,synthetic_word_004,1,1.0,0,0.1899,vowel_substitution,2211,False,5547,False,2,3,3,abilities,struggling,True
synthetic_child_010,synthetic_word_001,1,0.8123,2,0.7823,th_fronting,2243,False,4281,True,1,1,1,greetings,fast,True
synthetic_child_010,synthetic_word_002,1,0.7677,2,0.6751,th_fronting,1376,False,5137,True,1,1,1,magic_words,fast,True
synthetic_child_010,synthetic_word_003,1,1.0,1,0.674,th_fronting,2762,False,6587,True,1,2,3,abilities,struggling,True
synthetic_child_010,synthetic_word_004,1,0.94,2,0.7628,final_consonant_deletion,692,True,6237,True,1,1,1,greetings,typical,True
